[
  {
    "model": "sessions.session",
    "pk": "7lh5ipr0332spzh2q0z91nxqqglxzh2s",
    "fields": {
      "session_data": "NWU1ZjFkNmRhOGZjZjA2MDdlYjJiMDg5YTM2ZDlmMTY2MDk5ZTY5Mzp7Il9hdXRoX3VzZXJfaWQiOiIxIiwiX2F1dGhfdXNlcl9iYWNrZW5kIjoiZGphbmdvLmNvbnRyaWIuYXV0aC5iYWNrZW5kcy5Nb2RlbEJhY2tlbmQiLCJfYXV0aF91c2VyX2hhc2giOiIxM2Y2ZGFlNTE4MmRkMzkxMzU0Nzc4NzdmM2ViYmJjZmJjMTM3NzQ4In0=",
      "expire_date": "2019-12-14T18:40:36.232Z"
    }
  },
  {
    "model": "mainapp.productcategory",
    "pk": 1,
    "fields": {
      "name": "Home",
      "description": ""
    }
  },
  {
    "model": "mainapp.productcategory",
    "pk": 2,
    "fields": {
      "name": "Office",
      "description": ""
    }
  },
  {
    "model": "mainapp.productcategory",
    "pk": 3,
    "fields": {
      "name": "Furniture",
      "description": ""
    }
  },
  {
    "model": "mainapp.productcategory",
    "pk": 4,
    "fields": {
      "name": "Modern",
      "description": ""
    }
  },
  {
    "model": "mainapp.productcategory",
    "pk": 5,
    "fields": {
      "name": "Classic",
      "description": ""
    }
  },
  {
    "model": "mainapp.product",
    "pk": 1,
    "fields": {
      "category": 4,
      "name": "Lamp",
      "image": "products_images/product1.jpg",
      "short_desc": "Short description of this lamp",
      "description": "Full description of this lamp",
      "price": "1299.00",
      "quantity": 10,
      "is_hot": false,
      "is_featured": false,
      "is_new": true,
      "is_active": true
    }
  },
  {
    "model": "mainapp.product",
    "pk": 2,
    "fields": {
      "category": 2,
      "name": "Chair (White)",
      "image": "products_images/product2.jpg",
      "short_desc": "Short description of this chair",
      "description": "Full description of this chair",
      "price": "3499.00",
      "quantity": 11,
      "is_hot": false,
      "is_featured": false,
      "is_new": false,
      "is_active": true
    }
  },
  {
    "model": "mainapp.product",
    "pk": 3,
    "fields": {
      "category": 3,
      "name": "Table lamp",
      "image": "products_images/product3.jpg",
      "short_desc": "Short description of this table lamp",
      "description": "Full description of this table lamp",
      "price": "1599.00",
      "quantity": 11,
      "is_hot": false,
      "is_featured": false,
      "is_new": true,
      "is_active": true
    }
  },
  {
    "model": "mainapp.product",
    "pk": 4,
    "fields": {
      "category": 5,
      "name": "Sconce (Black)",
      "image": "products_images/product4.jpg",
      "short_desc": "Short description of this sconce",
      "description": "Full description of this sconce",
      "price": "799.00",
      "quantity": 10,
      "is_hot": false,
      "is_featured": false,
      "is_new": false,
      "is_active": true
    }
  },
  {
    "model": "mainapp.product",
    "pk": 5,
    "fields": {
      "category": 1,
      "name": "Bowl",
      "image": "products_images/product5.jpg",
      "short_desc": "Short description of this bowl",
      "description": "Full description of this bowl",
      "price": "599.00",
      "quantity": 10,
      "is_hot": false,
      "is_featured": false,
      "is_new": true,
      "is_active": true
    }
  },
  {
    "model": "mainapp.product",
    "pk": 6,
    "fields": {
      "category": 4,
      "name": "Vase",
      "image": "products_images/product6.jpg",
      "short_desc": "Short description of this vase",
      "description": "Full description of this vase",
      "price": "799.00",
      "quantity": 11,
      "is_hot": false,
      "is_featured": false,
      "is_new": false,
      "is_active": true
    }
  },
  {
    "model": "mainapp.product",
    "pk": 7,
    "fields": {
      "category": 1,
      "name": "Bulb",
      "image": "products_images/product7.jpg",
      "short_desc": "Short description of this bulb",
      "description": "Full description of this bulb",
      "price": "99.00",
      "quantity": 19,
      "is_hot": false,
      "is_featured": true,
      "is_new": true,
      "is_active": true
    }
  },
  {
    "model": "mainapp.product",
    "pk": 8,
    "fields": {
      "category": 3,
      "name": "Armchair",
      "image": "products_images/product8.jpg",
      "short_desc": "Short description of this armchair",
      "description": "Full description of this armchair",
      "price": "5999.00",
      "quantity": 10,
      "is_hot": false,
      "is_featured": true,
      "is_new": false,
      "is_active": true
    }
  },
  {
    "model": "mainapp.product",
    "pk": 9,
    "fields": {
      "category": 4,
      "name": "Jug",
      "image": "products_images/product9.jpg",
      "short_desc": "Short description of this jug",
      "description": "Full description of this jug",
      "price": "399.00",
      "quantity": 10,
      "is_hot": false,
      "is_featured": true,
      "is_new": true,
      "is_active": true
    }
  },
  {
    "model": "mainapp.product",
    "pk": 10,
    "fields": {
      "category": 2,
      "name": "Chair (Red)",
      "image": "products_images/product10.jpg",
      "short_desc": "Short description of this chair",
      "description": "Full description of this chair",
      "price": "3499.00",
      "quantity": 10,
      "is_hot": false,
      "is_featured": true,
      "is_new": false,
      "is_active": true
    }
  },
  {
    "model": "mainapp.product",
    "pk": 11,
    "fields": {
      "category": 4,
      "name": "Sconce",
      "image": "products_images/product11.jpg",
      "short_desc": "Short description of this sconce",
      "description": "Full description of this sconce",
      "price": "999.00",
      "quantity": 19,
      "is_hot": true,
      "is_featured": false,
      "is_new": true,
      "is_active": true
    }
  },
  {
    "model": "mainapp.product",
    "pk": 12,
    "fields": {
      "category": 5,
      "name": "Sofa",
      "image": "products_images/product12.jpg",
      "short_desc": "Short description of this sofa",
      "description": "Full description of this sofa",
      "price": "11999.00",
      "quantity": 10,
      "is_hot": true,
      "is_featured": false,
      "is_new": false,
      "is_active": true
    }
  },
  {
    "model": "mainapp.product",
    "pk": 13,
    "fields": {
      "category": 2,
      "name": "Wall clock",
      "image": "products_images/product13.jpg",
      "short_desc": "Short description of this wall clock",
      "description": "Full description of this wall clock",
      "price": "499.00",
      "quantity": 11,
      "is_hot": true,
      "is_featured": false,
      "is_new": true,
      "is_active": true
    }
  },
  {
    "model": "mainapp.product",
    "pk": 14,
    "fields": {
      "category": 2,
      "name": "Chandelier",
      "image": "products_images/product14.jpg",
      "short_desc": "Short description of this chandelier",
      "description": "Full description of this chandelier",
      "price": "999.00",
      "quantity": 10,
      "is_hot": true,
      "is_featured": false,
      "is_new": false,
      "is_active": true
    }
  },
  {
    "model": "authapp.shopuser",
    "pk": 1,
    "fields": {
      "password": "pbkdf2_sha256$150000$xAcQuq80VHqG$ZDd9HXMLpOExTQdXQyDA0KAKjrsdYY+ZgUPqi+2fAsQ=",
      "last_login": "2019-11-30T18:40:35.675Z",
      "is_superuser": true,
      "username": "admin",
      "first_name": "Admin",
      "last_name": "",
      "email": "example@yandex.ru",
      "is_staff": true,
      "is_active": true,
      "date_joined": "2019-11-23T11:25:06.322Z",
      "avatar": "",
      "age": 23,
      "activation_key": "",
      "activation_key_expires": "2019-11-25T11:25:02.877Z",
      "groups": [],
      "user_permissions": []
    }
  },
  {
    "model": "authapp.shopuser",
    "pk": 2,
    "fields": {
      "password": "!CTjYZ6ln5R0b4siwLGLahWD4yCk3HX88i3Ma7nbd",
      "last_login": "2019-11-30T18:40:25.397Z",
      "is_superuser": false,
      "username": "farhutdinovalbert",
      "first_name": "\u0410\u043b\u044c\u0431\u0435\u0440\u0442",
      "last_name": "\u0424\u0430\u0440\u0445\u0443\u0442\u0434\u0438\u043d\u043e\u0432",
      "email": "grey.gabriel@mail.ru",
      "is_staff": false,
      "is_active": true,
      "date_joined": "2019-11-23T11:26:24.448Z",
      "avatar": "",
      "age": 23,
      "activation_key": "",
      "activation_key_expires": "2019-11-25T11:25:15.828Z",
      "groups": [],
      "user_permissions": []
    }
  },
  {
    "model": "social_django.usersocialauth",
    "pk": 1,
    "fields": {
      "user": 2,
      "provider": "vk-oauth2",
      "uid": "34844137",
      "extra_data": "{\"auth_time\": 1575139224, \"id\": 34844137, \"expires\": 86400, \"access_token\": \"321426a758275ae05e2832c45cb4f8ae60341b3065b1669b62ac9f3c08b059c1da769cca60d910095ed57\", \"token_type\": null}"
    }
  },
  {
    "model": "ordersapp.order",
    "pk": 1,
    "fields": {
      "user": 1,
      "created": "2019-11-25T16:52:38.358Z",
      "updated": "2019-11-27T14:36:40.967Z",
      "status": "STP",
      "is_active": true
    }
  },
  {
    "model": "ordersapp.order",
    "pk": 2,
    "fields": {
      "user": 1,
      "created": "2019-11-27T14:34:41.700Z",
      "updated": "2019-11-27T14:36:20.266Z",
      "status": "FM",
      "is_active": false
    }
  },
  {
    "model": "ordersapp.order",
    "pk": 3,
    "fields": {
      "user": 1,
      "created": "2019-11-27T15:55:35.662Z",
      "updated": "2019-11-27T15:55:36.252Z",
      "status": "FM",
      "is_active": false
    }
  },
  {
    "model": "ordersapp.order",
    "pk": 4,
    "fields": {
      "user": 1,
      "created": "2019-11-27T15:56:40.003Z",
      "updated": "2019-11-27T15:57:43.776Z",
      "status": "FM",
      "is_active": false
    }
  },
  {
    "model": "ordersapp.order",
    "pk": 5,
    "fields": {
      "user": 1,
      "created": "2019-11-27T16:06:23.629Z",
      "updated": "2019-11-30T19:11:47.446Z",
      "status": "FM",
      "is_active": false
    }
  },
  {
    "model": "ordersapp.order",
    "pk": 6,
    "fields": {
      "user": 1,
      "created": "2019-11-30T18:48:30.874Z",
      "updated": "2019-11-30T18:48:31.453Z",
      "status": "FM",
      "is_active": false
    }
  },
  {
    "model": "ordersapp.order",
    "pk": 7,
    "fields": {
      "user": 1,
      "created": "2019-11-30T19:12:14.105Z",
      "updated": "2019-12-01T10:08:19.229Z",
      "status": "FM",
      "is_active": false
    }
  },
  {
    "model": "ordersapp.order",
    "pk": 8,
    "fields": {
      "user": 1,
      "created": "2019-12-01T09:47:51.984Z",
      "updated": "2019-12-01T10:08:05.689Z",
      "status": "FM",
      "is_active": false
    }
  },
  {
    "model": "ordersapp.order",
    "pk": 9,
    "fields": {
      "user": 1,
      "created": "2019-12-01T09:56:36.562Z",
      "updated": "2019-12-01T10:07:51.630Z",
      "status": "FM",
      "is_active": false
    }
  },
  {
    "model": "ordersapp.order",
    "pk": 10,
    "fields": {
      "user": 1,
      "created": "2019-12-01T10:08:37.954Z",
      "updated": "2019-12-01T10:11:15.406Z",
      "status": "FM",
      "is_active": false
    }
  },
  {
    "model": "ordersapp.order",
    "pk": 11,
    "fields": {
      "user": 1,
      "created": "2019-12-01T10:10:01.805Z",
      "updated": "2019-12-01T10:10:39.972Z",
      "status": "FM",
      "is_active": false
    }
  },
  {
    "model": "ordersapp.order",
    "pk": 12,
    "fields": {
      "user": 1,
      "created": "2019-12-01T10:17:42.144Z",
      "updated": "2019-12-01T10:24:36.859Z",
      "status": "FM",
      "is_active": false
    }
  },
  {
    "model": "ordersapp.order",
    "pk": 13,
    "fields": {
      "user": 1,
      "created": "2019-12-01T10:24:58.735Z",
      "updated": "2019-12-01T12:20:16.135Z",
      "status": "FM",
      "is_active": false
    }
  },
  {
    "model": "ordersapp.order",
    "pk": 14,
    "fields": {
      "user": 1,
      "created": "2019-12-01T11:19:17.234Z",
      "updated": "2019-12-01T12:19:45.778Z",
      "status": "FM",
      "is_active": false
    }
  },
  {
    "model": "ordersapp.order",
    "pk": 15,
    "fields": {
      "user": 1,
      "created": "2019-12-01T12:25:51.796Z",
      "updated": "2019-12-03T20:04:19.564Z",
      "status": "FM",
      "is_active": true
    }
  },
  {
    "model": "ordersapp.orderitem",
    "pk": 1,
    "fields": {
      "order": 1,
      "product": 1,
      "quantity": 1
    }
  },
  {
    "model": "ordersapp.orderitem",
    "pk": 2,
    "fields": {
      "order": 2,
      "product": 1,
      "quantity": 2
    }
  },
  {
    "model": "ordersapp.orderitem",
    "pk": 3,
    "fields": {
      "order": 2,
      "product": 2,
      "quantity": 1
    }
  },
  {
    "model": "ordersapp.orderitem",
    "pk": 4,
    "fields": {
      "order": 1,
      "product": 14,
      "quantity": 1
    }
  },
  {
    "model": "ordersapp.orderitem",
    "pk": 5,
    "fields": {
      "order": 4,
      "product": 13,
      "quantity": 1
    }
  },
  {
    "model": "ordersapp.orderitem",
    "pk": 6,
    "fields": {
      "order": 5,
      "product": 3,
      "quantity": 1
    }
  },
  {
    "model": "ordersapp.orderitem",
    "pk": 7,
    "fields": {
      "order": 7,
      "product": 13,
      "quantity": 1
    }
  },
  {
    "model": "ordersapp.orderitem",
    "pk": 8,
    "fields": {
      "order": 8,
      "product": 11,
      "quantity": 2
    }
  },
  {
    "model": "ordersapp.orderitem",
    "pk": 9,
    "fields": {
      "order": 9,
      "product": 11,
      "quantity": 1
    }
  },
  {
    "model": "ordersapp.orderitem",
    "pk": 10,
    "fields": {
      "order": 10,
      "product": 11,
      "quantity": 6
    }
  },
  {
    "model": "ordersapp.orderitem",
    "pk": 11,
    "fields": {
      "order": 11,
      "product": 11,
      "quantity": 0
    }
  },
  {
    "model": "ordersapp.orderitem",
    "pk": 12,
    "fields": {
      "order": 12,
      "product": 1,
      "quantity": 1
    }
  },
  {
    "model": "ordersapp.orderitem",
    "pk": 13,
    "fields": {
      "order": 13,
      "product": 6,
      "quantity": 0
    }
  },
  {
    "model": "ordersapp.orderitem",
    "pk": 15,
    "fields": {
      "order": 15,
      "product": 1,
      "quantity": 4
    }
  }
]